{"cameraMode":{"drawMode":0,"name":"Shaded","section":"Shading Mode"},"sceneLighting":true,"audioPlay":false,"sceneViewState":{"showFog":true,"showMaterialUpdate":true,"showSkybox":true,"showFlares":true,"showImageEffects":true,"showParticleSystems":true},"in2DMode":false,"pivot":{"x":2.578824520111084,"y":9.941604614257813,"z":88.380126953125},"rotation":{"x":-0.005771972239017487,"y":-0.8718236088752747,"z":0.4897361099720001,"w":-0.0101856654509902},"size":141.8771514892578,"orthographic":false}