{"cameraMode":{"drawMode":0,"name":"Shaded","section":"Shading Mode"},"sceneLighting":true,"audioPlay":false,"sceneViewState":{"showFog":true,"showMaterialUpdate":true,"showSkybox":true,"showFlares":true,"showImageEffects":true,"showParticleSystems":true},"in2DMode":false,"pivot":{"x":-2.8740310668945314,"y":1.457685112953186,"z":0.2558221220970154},"rotation":{"x":-0.1501942127943039,"y":-0.7063528299331665,"z":0.15740112960338593,"w":-0.6736356616020203},"size":4.657884120941162,"orthographic":false}