{"cameraMode":{"drawMode":0,"name":"Shaded","section":"Shading Mode"},"sceneLighting":true,"audioPlay":false,"sceneViewState":{"showFog":true,"showMaterialUpdate":true,"showSkybox":true,"showFlares":true,"showImageEffects":true,"showParticleSystems":true},"in2DMode":false,"pivot":{"x":-5.493290901184082,"y":-2.8136324882507326,"z":1.390868067741394},"rotation":{"x":-0.118227019906044,"y":0.6981801986694336,"z":-0.11868424713611603,"w":-0.6960883140563965},"size":20.834741592407228,"orthographic":false}