{"cameraMode":{"drawMode":0,"name":"Shaded","section":"Shading Mode"},"sceneLighting":false,"audioPlay":false,"sceneViewState":{"showFog":true,"showMaterialUpdate":true,"showSkybox":true,"showFlares":true,"showImageEffects":true,"showParticleSystems":true},"in2DMode":false,"pivot":{"x":77.44512939453125,"y":-42.47044372558594,"z":-83.7497329711914},"rotation":{"x":0.019490664824843408,"y":-0.8987761735916138,"z":0.43617531657218935,"w":0.04052521288394928},"size":184.5188446044922,"orthographic":false}