{"cameraMode":{"drawMode":0,"name":"Shaded","section":"Shading Mode"},"sceneLighting":true,"audioPlay":false,"sceneViewState":{"showFog":true,"showMaterialUpdate":true,"showSkybox":true,"showFlares":true,"showImageEffects":true,"showParticleSystems":true},"in2DMode":false,"pivot":{"x":-0.7069425582885742,"y":-1.0939993858337403,"z":-1.9842880964279175},"rotation":{"x":-0.10720859467983246,"y":-0.7334710359573364,"z":0.1189350038766861,"w":-0.6606313586235046},"size":9.451505661010743,"orthographic":false}