{"cameraMode":{"drawMode":0,"name":"Shaded","section":"Shading Mode"},"sceneLighting":false,"audioPlay":false,"sceneViewState":{"showFog":true,"showMaterialUpdate":true,"showSkybox":true,"showFlares":true,"showImageEffects":true,"showParticleSystems":true},"in2DMode":false,"pivot":{"x":58.933135986328128,"y":-0.218902587890625,"z":-72.92330932617188},"rotation":{"x":0.019490664824843408,"y":-0.8987761735916138,"z":0.43617531657218935,"w":0.04052521288394928},"size":98.30506896972656,"orthographic":false}