{"cameraMode":{"drawMode":0,"name":"Shaded","section":"Shading Mode"},"sceneLighting":true,"audioPlay":false,"sceneViewState":{"showFog":true,"showMaterialUpdate":true,"showSkybox":true,"showFlares":true,"showImageEffects":true,"showParticleSystems":true},"in2DMode":false,"pivot":{"x":-1.1828889846801758,"y":-2.2737321853637697,"z":-1.8833657503128052},"rotation":{"x":-0.15202438831329347,"y":-0.721819281578064,"z":0.16768285632133485,"w":-0.6540648937225342},"size":9.451505661010743,"orthographic":false}