{"cameraMode":{"drawMode":0,"name":"Shaded","section":"Shading Mode"},"sceneLighting":false,"audioPlay":false,"sceneViewState":{"showFog":true,"showMaterialUpdate":false,"showSkybox":true,"showFlares":true,"showImageEffects":true,"showParticleSystems":true},"in2DMode":false,"pivot":{"x":2.1679344177246095,"y":0.22681903839111329,"z":23.592090606689454},"rotation":{"x":0.18019427359104157,"y":0.4877311587333679,"z":-0.10364434868097305,"w":0.8478996753692627},"size":22.0,"orthographic":false}