{"cameraMode":{"drawMode":0,"name":"Shaded","section":"Shading Mode"},"sceneLighting":false,"audioPlay":false,"sceneViewState":{"showFog":true,"showMaterialUpdate":false,"showSkybox":true,"showFlares":true,"showImageEffects":true,"showParticleSystems":true},"in2DMode":false,"pivot":{"x":25.830392837524415,"y":-23.297073364257814,"z":19.72119903564453},"rotation":{"x":0.7006940245628357,"y":0.006418622564524412,"z":-0.006307050120085478,"w":0.7134197354316711},"size":105.69548797607422,"orthographic":false}